{
  "generated_at": "2025-10-30T17:01:06.503374+00:00",
  "total_proxies": 2486,
  "working_proxies": 2486,
  "success_rate": 100.0,
  "protocol_distribution": {
    "hysteria2": 111,
    "shadowsocks": 570,
    "vless": 1782,
    "vmess": 19,
    "trojan": 4
  },
  "country_distribution": {
    "United States": 218,
    "Unknown": 630,
    "Hong Kong": 16,
    "Canada": 41,
    "United States Minor Outlying Islands": 58,
    "Iran": 51,
    "Belize": 1,
    "Montenegro": 49,
    "Japan": 5,
    "France": 257,
    "Puerto Rico": 2,
    "Mexico": 1,
    "Nigeria": 11,
    "United Kingdom": 211,
    "Lithuania": 226,
    "Netherlands": 97,
    "Germany": 87,
    "Ecuador": 3,
    "The Netherlands": 130,
    "Saint Martin": 11,
    "United Arab Emirates": 13,
    "India": 24,
    "Guatemala": 1,
    "Italy": 1,
    "Austria": 8,
    "Sweden": 15,
    "Luxembourg": 1,
    "Czechia": 2,
    "Indonesia": 4,
    "Poland": 18,
    "Singapore": 11,
    "Denmark": 1,
    "Portugal": 1,
    "Turkey": 25,
    "Finland": 43,
    "Ukraine": 1,
    "Bulgaria": 1,
    "South Korea": 5,
    "Iceland": 9,
    "Australia": 3,
    "Slovakia": 1,
    "North Macedonia": 3,
    "Argentina": 1,
    "Colombia": 21,
    "Greece": 3,
    "Spain": 14,
    "Belgium": 3,
    "Estonia": 6,
    "Vietnam": 37,
    "Taiwan": 4,
    "Brazil": 9,
    "Switzerland": 14,
    "Egypt": 2,
    "Chile": 1,
    "Bolivia": 1,
    "Serbia": 4,
    "Costa Rica": 1,
    "Latvia": 18,
    "Thailand": 4,
    "Algeria": 3,
    "Russia": 9,
    "Hungary": 2,
    "South Africa": 1,
    "Central African Republic": 8,
    "Kazakhstan": 4,
    "Cyprus": 2,
    "Malta": 2,
    "T\u00fcrkiye": 2,
    "Paraguay": 1,
    "Moldova": 1,
    "Romania": 1,
    "Ireland": 2,
    "Slovenia": 1,
    "Armenia": 2,
    "Morocco": 1,
    "Israel": 4,
    "Bahrain": 1
  },
  "latency": {
    "min": 36.65,
    "max": 5999.66,
    "mean": 1527.8513555913114,
    "median": 949.74,
    "stdev": 1398.9296007745033
  }
}