{
  "generated_at": "2025-10-30T16:58:35.593347+00:00",
  "total_proxies": 1372,
  "working_proxies": 1372,
  "success_rate": 100.0,
  "protocol_distribution": {
    "shadowsocks": 933,
    "vless": 379,
    "vmess": 36,
    "hysteria2": 10,
    "trojan": 14
  },
  "country_distribution": {
    "Belarus": 834,
    "United States": 56,
    "Iran": 13,
    "United States Minor Outlying Islands": 9,
    "Unknown": 100,
    "Russia": 4,
    "Germany": 27,
    "France": 72,
    "Netherlands": 17,
    "The Netherlands": 23,
    "United Kingdom": 46,
    "Palestine": 22,
    "India": 22,
    "Montenegro": 9,
    "Poland": 21,
    "Sweden": 6,
    "Canada": 5,
    "Finland": 24,
    "Japan": 1,
    "Spain": 3,
    "Singapore": 3,
    "Turkey": 5,
    "Nigeria": 4,
    "Lithuania": 12,
    "Switzerland": 3,
    "Latvia": 2,
    "Tonga": 4,
    "Hungary": 1,
    "United Arab Emirates": 4,
    "Iceland": 2,
    "T\u00fcrkiye": 3,
    "Greece": 2,
    "Qatar": 1,
    "Thailand": 2,
    "South Korea": 1,
    "Ireland": 2,
    "South Georgia": 2,
    "Kazakhstan": 1,
    "Armenia": 2,
    "Israel": 1,
    "Malaysia": 1
  },
  "latency": {
    "min": 51.94,
    "max": 5941.29,
    "mean": 1214.7449489795918,
    "median": 813.815,
    "stdev": 1190.9847498697832
  }
}