{
  "generated_at": "2025-10-30T17:09:26.172872+00:00",
  "total_proxies": 2874,
  "working_proxies": 2874,
  "success_rate": 100.0,
  "protocol_distribution": {
    "shadowsocks": 884,
    "vless": 1513,
    "vmess": 463,
    "trojan": 5,
    "hysteria2": 9
  },
  "country_distribution": {
    "Iran": 465,
    "United States": 302,
    "Unknown": 305,
    "Armenia": 14,
    "The Netherlands": 59,
    "Australia": 9,
    "Hong Kong": 11,
    "Canada": 208,
    "Tonga": 9,
    "United States Minor Outlying Islands": 46,
    "Germany": 194,
    "Turkey": 33,
    "Japan": 17,
    "Netherlands": 152,
    "United Kingdom": 193,
    "Lithuania": 96,
    "France": 290,
    "Togo": 2,
    "Taiwan": 9,
    "Ecuador": 3,
    "United Arab Emirates": 8,
    "Belgium": 5,
    "Italy": 1,
    "Austria": 14,
    "Singapore": 8,
    "Finland": 39,
    "Spain": 46,
    "Colombia": 6,
    "Hungary": 9,
    "Sweden": 9,
    "South Korea": 55,
    "Czechia": 3,
    "Panama": 4,
    "Estonia": 1,
    "Bulgaria": 32,
    "Poland": 20,
    "Ukraine": 3,
    "Portugal": 1,
    "Slovakia": 2,
    "Montenegro": 47,
    "North Macedonia": 1,
    "Iceland": 17,
    "Algeria": 5,
    "Vietnam": 7,
    "Chile": 1,
    "Egypt": 2,
    "Mexico": 1,
    "Thailand": 1,
    "Malaysia": 1,
    "Indonesia": 2,
    "Latvia": 16,
    "Romania": 7,
    "Slovenia": 3,
    "Switzerland": 16,
    "Bolivia": 1,
    "Israel": 6,
    "Denmark": 1,
    "Russia": 8,
    "India": 15,
    "Azerbaijan": 1,
    "South Africa": 5,
    "Moldova": 2,
    "Paraguay": 3,
    "Kazakhstan": 7,
    "Brazil": 5,
    "Greece": 1,
    "Qatar": 1,
    "Malta": 1,
    "China": 3,
    "Morocco": 1,
    "Nigeria": 3
  },
  "latency": {
    "min": 44.98,
    "max": 5984.74,
    "mean": 1343.647192066806,
    "median": 808.925,
    "stdev": 1284.1503556864711
  }
}