{
  "generated_at": "2025-10-30T17:06:50.658261+00:00",
  "total_proxies": 2121,
  "working_proxies": 2121,
  "success_rate": 100.0,
  "protocol_distribution": {
    "vless": 1986,
    "hysteria2": 8,
    "shadowsocks": 107,
    "vmess": 11,
    "trojan": 9
  },
  "country_distribution": {
    "United States": 258,
    "Central African Republic": 46,
    "Unknown": 191,
    "Hong Kong": 57,
    "Canada": 30,
    "The Netherlands": 139,
    "Armenia": 19,
    "Brazil": 1,
    "Seychelles": 1,
    "Russia": 21,
    "Spain": 26,
    "Ukraine": 2,
    "Belize": 2,
    "Cyprus": 13,
    "Netherlands": 16,
    "France": 524,
    "Germany": 65,
    "Sweden": 16,
    "United Kingdom": 153,
    "Colombia": 3,
    "Czechia": 1,
    "Poland": 15,
    "Finland": 30,
    "Latvia": 22,
    "Iceland": 14,
    "Belgium": 5,
    "Turkey": 13,
    "Serbia": 5,
    "Austria": 18,
    "Switzerland": 22,
    "Japan": 79,
    "Hungary": 3,
    "Greece": 5,
    "Costa Rica": 6,
    "Vietnam": 1,
    "India": 27,
    "Singapore": 67,
    "Romania": 2,
    "Ireland": 4,
    "T\u00fcrkiye": 9,
    "Slovenia": 1,
    "Kazakhstan": 4,
    "Israel": 3,
    "Malta": 1,
    "Taiwan": 16,
    "Iran": 19,
    "Australia": 4,
    "Lithuania": 77,
    "Denmark": 4,
    "South Korea": 55,
    "United Arab Emirates": 3,
    "Azerbaijan": 2,
    "Qatar": 1
  },
  "latency": {
    "min": 71.91,
    "max": 5948.61,
    "mean": 1304.7148939179633,
    "median": 830.51,
    "stdev": 1298.0910856717173
  }
}