{
  "generated_at": "2025-10-30T17:05:58.096808+00:00",
  "total_proxies": 1832,
  "working_proxies": 1832,
  "success_rate": 100.0,
  "protocol_distribution": {
    "shadowsocks": 722,
    "vless": 1006,
    "trojan": 11,
    "vmess": 62,
    "hysteria2": 31
  },
  "country_distribution": {
    "Unknown": 378,
    "United States Minor Outlying Islands": 43,
    "Iran": 115,
    "United States": 139,
    "Montenegro": 43,
    "Tonga": 14,
    "Hong Kong": 10,
    "Germany": 44,
    "Canada": 7,
    "Australia": 6,
    "United Kingdom": 147,
    "Lithuania": 70,
    "Netherlands": 76,
    "France": 147,
    "The Netherlands": 67,
    "United Arab Emirates": 9,
    "Puerto Rico": 1,
    "Belgium": 1,
    "Italy": 2,
    "Spain": 17,
    "Luxembourg": 1,
    "Finland": 17,
    "Czechia": 1,
    "Hungary": 6,
    "Sweden": 2,
    "Ecuador": 2,
    "Poland": 16,
    "Slovakia": 1,
    "Bulgaria": 1,
    "North Macedonia": 2,
    "Iceland": 8,
    "Denmark": 1,
    "Colombia": 4,
    "Brazil": 6,
    "Egypt": 1,
    "Japan": 4,
    "Argentina": 1,
    "Algeria": 3,
    "Croatia": 1,
    "Turkey": 16,
    "Austria": 1,
    "Latvia": 9,
    "Switzerland": 5,
    "Armenia": 5,
    "Mexico": 1,
    "Greece": 5,
    "Panama": 1,
    "Russia": 3,
    "Bolivia": 1,
    "Paraguay": 2,
    "India": 14,
    "South Africa": 3,
    "Vietnam": 321,
    "Singapore": 8,
    "Kazakhstan": 2,
    "Morocco": 2,
    "Taiwan": 3,
    "Moldova": 1,
    "Indonesia": 1,
    "South Korea": 2,
    "Cyprus": 1,
    "Romania": 1,
    "T\u00fcrkiye": 4,
    "Malta": 1,
    "Slovenia": 3,
    "Israel": 1,
    "Portugal": 1
  },
  "latency": {
    "min": 20.85,
    "max": 5989.51,
    "mean": 1399.804077510917,
    "median": 923.5699999999999,
    "stdev": 1331.6003533293745
  }
}