{
  "generated_at": "2025-10-30T16:59:30.718684+00:00",
  "total_proxies": 1940,
  "working_proxies": 1940,
  "success_rate": 100.0,
  "protocol_distribution": {
    "shadowsocks": 1562,
    "vmess": 88,
    "hysteria2": 24,
    "vless": 266
  },
  "country_distribution": {
    "United States": 406,
    "Belarus": 364,
    "United States Minor Outlying Islands": 3,
    "Iran": 46,
    "Canada": 29,
    "France": 16,
    "Mexico": 1,
    "United Kingdom": 147,
    "Puerto Rico": 3,
    "Netherlands": 55,
    "The Netherlands": 53,
    "Japan": 5,
    "Unknown": 7,
    "Lithuania": 29,
    "Ecuador": 8,
    "United Arab Emirates": 15,
    "Germany": 127,
    "Italy": 5,
    "Spain": 27,
    "Belgium": 4,
    "Luxembourg": 3,
    "Sweden": 8,
    "Finland": 28,
    "Hungary": 6,
    "Czechia": 6,
    "Poland": 26,
    "Panama": 9,
    "Bulgaria": 3,
    "Slovakia": 3,
    "Turkey": 11,
    "North Macedonia": 5,
    "Peru": 1,
    "Guadeloupe": 6,
    "Colombia": 4,
    "Malaysia": 5,
    "Argentina": 6,
    "Croatia": 2,
    "Greece": 19,
    "Singapore": 3,
    "Russia": 12,
    "Algeria": 9,
    "Chile": 4,
    "Indonesia": 3,
    "Australia": 12,
    "Vietnam": 322,
    "Paraguay": 8,
    "Thailand": 4,
    "Venezuela": 10,
    "Moldova": 5,
    "South Korea": 6,
    "Taiwan": 5,
    "Bolivia": 2,
    "Kazakhstan": 4,
    "Slovenia": 3,
    "India": 6,
    "Brazil": 1,
    "Israel": 1,
    "Hong Kong": 8,
    "Romania": 3,
    "Morocco": 3,
    "Malta": 1,
    "Iceland": 2,
    "Latvia": 1,
    "China": 1
  },
  "latency": {
    "min": 61.63,
    "max": 5970.38,
    "mean": 1235.4893865979382,
    "median": 800.345,
    "stdev": 1193.0102765499446
  }
}